type,section,name,intro,grade,visible,completion,completionview,timeopen,timeclose,,,,,,,,,,,,,,,,,,,,,,,,,,,,,,,,,,,,,,,,,,,,,,,,,,,,,,,,
section,Course Welcome,Course Welcome,,,1,0,0,,,,,,,,,,,,,,,,,,,,,,,,,,,,,,,,,,,,,,,,,,,,,,,,,,,,,,,,,,
label,Course Welcome,Welcome to Grade 4 — OnScholars,<div style='background:#1a1a1a,color:#fff,padding:18px,border-left:5px solid #E4002B'><div style='color:#E4002B,font-size:11px,font-weight:bold,letter-spacing:2px'>✦ ONSCHOLARS · GRADE 4 ONTARIO CURRICULUM</div><h2 style='color:#fff,margin:8px 0 4px'>Grade 4 — All Subjects</h2><p style='color:#ccc,margin:0'>This course covers all nine Ontario curriculum subjects with Islamic Tarbiyah values integrated throughout. Content becomes visible unit by unit as your teacher reviews and approves it. Subjects: Language Arts · Mathematics · Science · Social Studies · HPE · The Arts · French · Islamic Studies · Arabic Language</p></div>,,1,0,0,,,,,,,,,,,,,,,,,,,,,,,,,,,,,,,,,,,,,,,,,,,,,,,,,,
label,Course Welcome,Parent Information,"<div style='background:#f0f7ff,border:1px solid #bdd7f0,border-radius:8px,padding:14px 16px'><strong style='color:#1a3a5c'>Parent Information</strong><br><br>You can track your child's progress, view assignment feedback, and see grades from the Moodle parent portal. Lessons are released unit by unit after teacher review. For questions about course content contact the Academic Director. For portal access contact the school office.</div>",,1,0,0,,,,,,,,,,,,,,,,,,,,,,,,,,,,,,,,,,,,,,,,,,,,,,,,,,,,,
section,Language Arts,Language Arts,,,1,0,0,,,,,,,,,,,,,,,,,,,,,,,,,,,,,,,,,,,,,,,,,,,,,,,,,,,,,,,,,,
label,Language Arts,Language Arts — Overview and Pacing,"<div style='background:#f9f9f9,border-left:4px solid #E4002B,padding:12px 16px,margin-bottom:8px'><strong style='color:#E4002B'>LNG4</strong> · Grade 4 Language (2023) — Oral Communication, Reading, Writing, Media Literacy</div><div style='background:#fff8f0,border:1px solid #E4002B33,border-radius:8px,padding:12px 16px,margin-bottom:12px'><strong style='color:#E4002B'>Suggested Term Pacing — Language Arts</strong><table style='width:100%,margin-top:8px,font-size:12px,border-collapse:collapse'><tr><td style='padding:3px 8px,color:#E4002B,font-weight:bold'>Unit 1</td><td style='padding:3px 8px'>Oral Communication</td><td style='padding:3px 8px,color:#666'>September · Weeks 1–4</td></tr><tr><td style='padding:3px 8px,color:#E4002B,font-weight:bold'>Unit 2</td><td style='padding:3px 8px'>Reading Comprehension</td><td style='padding:3px 8px,color:#666'>October · Weeks 5–8</td></tr><tr><td style='padding:3px 8px,color:#E4002B,font-weight:bold'>Unit 3</td><td style='padding:3px 8px'>Writing</td><td style='padding:3px 8px,color:#666'>November–December · Weeks 9–12</td></tr><tr><td style='padding:3px 8px,color:#E4002B,font-weight:bold'>Unit 4</td><td style='padding:3px 8px'>Media Literacy</td><td style='padding:3px 8px,color:#666'>January · Weeks 13–16</td></tr></table></div>",,1,0,0,,,,,,,,,,,,,,,,,,,,,,,,,,,,,,,,,
label,Language Arts,UNIT 1: Oral Communication,"<div style='background:#1a1a1a,color:#fff,padding:14px 18px,border-left:5px solid #E4002B'><div style='color:#E4002B,font-size:11px,font-weight:bold,letter-spacing:2px'>✦ LNG4 · UNIT 1</div><div style='font-size:17px,font-weight:bold,margin:4px 0'>Oral Communication</div><div style='color:#aaa,font-size:12px'>Grade 4 Language (2023) — Oral Communication, Reading, Writing, Media Literacy</div><div style='color:#E4002B,font-size:11px,margin-top:5px'>📅 September · Weeks 1–4</div></div>",,1,0,0,,,,,,,,,,,,,,,,,,,,,,,,,,,,,,,,,,,,,,,,,,,,
page,Language Arts,Lesson 1 — Active Listening Skills,"<div style='font-family:Arial,sans-serif,max-width:860px'><p style='color:#555,font-size:14px,line-height:1.7'>Students explore what it truly means to listen — not just hear — through modelled examples and structured practice activities.</p><h3 style='color:#E4002B,border-left:4px solid #E4002B,padding-left:10px,margin:14px 0 8px'>Learning Objectives</h3><ul style='line-height:1.9,color:#333'><li>Identify features of effective listening (OME: 1.3)</li><li>Demonstrate attentive body language and verbal acknowledgement cues</li><li>Distinguish listening for information from listening for enjoyment</li></ul><h3 style='color:#1a1a1a,margin:14px 0 8px'>Lesson Content</h3><p style='color:#333,line-height:1.75'>Active listening is a skill that requires deliberate practice. When we truly listen, we make eye contact with the speaker, keep our body still and facing them, and focus our mind on their words rather than planning our own response. These habits signal respect and lead to better comprehension.</p><p style='color:#333,line-height:1.75'>There are three distinct types of listening. Listening for information means capturing specific facts or instructions accurately — like following a recipe or taking notes from a teacher. Listening for enjoyment means relaxing into a story or piece of music without needing to remember every detail. Listening critically means evaluating whether an argument makes sense and whether the evidence is convincing.</p><p style='color:#333,line-height:1.75'>Good listeners use two active strategies to show they understood. Paraphrasing means restating the speaker's idea in your own words: 'So what you mean is...' Clarifying questions invite the speaker to explain more: 'Can you give me an example of that?' Both strategies strengthen understanding and make the speaker feel heard.</p><div style='background:#f0f7ff,border:1px solid #bdd7f0,border-radius:6px,padding:10px 14px,margin-top:14px'><strong style='color:#1a3a5c,font-size:13px'>Differentiation Notes</strong><br><span style='color:#c00'>Below grade level:</span> Draw or sketch while listening as a processing support tool<br><span style='color:#444'>On grade level:</span> Standard lesson — practise pair listening with structured feedback<br><span style='color:#0a5'>Above grade level:</span> Peer-coach a classmate and provide written observations of their listening behaviours</div></div>",,0,2,1,,,,,,,,,,,,,,,,,,,,,,,,,,,,,,,,,,,,,,
page,Language Arts,Lesson 2 — Speaking Clearly and Purposefully,"<div style='font-family:Arial,sans-serif,max-width:860px'><p style='color:#555,font-size:14px,line-height:1.7'>Students learn to adapt their voice, pace, and vocabulary to suit different audiences and speaking purposes.</p><h3 style='color:#E4002B,border-left:4px solid #E4002B,padding-left:10px,margin:14px 0 8px'>Learning Objectives</h3><ul style='line-height:1.9,color:#333'><li>Use appropriate volume, tone, and pace (OME: 1.4)</li><li>Organize ideas using a speaking frame before presenting</li><li>Respond to questions and comments respectfully and on topic</li></ul><h3 style='color:#1a1a1a,margin:14px 0 8px'>Lesson Content</h3><p style='color:#333,line-height:1.75'>Every speaking situation requires us to make choices about HOW we communicate, not just WHAT we say. Volume means how loud or soft we speak — a library whisper versus an outdoor announcement. Tone conveys emotion — encouraging, serious, playful. Pace means how fast or slow we speak — rushing loses the audience, speaking too slowly loses their attention.</p><p style='color:#333,line-height:1.75'>Different contexts demand different speaking approaches. Presenting to the class requires clear structure, eye contact, and a projected voice. Explaining something to a younger student calls for simpler vocabulary and a slower pace. Chatting with a friend is informal and spontaneous. Skilled speakers shift naturally between these modes.</p><p style='color:#333,line-height:1.75'>Before speaking in any formal situation, use a simple planning frame: 'My main point is... My supporting reasons are... My conclusion is...' This three-part structure prevents rambling, helps the audience follow your logic, and signals confidence. Even thirty seconds of planning dramatically improves the quality of spoken communication.</p><div style='background:#f0f7ff,border:1px solid #bdd7f0,border-radius:6px,padding:10px 14px,margin-top:14px'><strong style='color:#1a3a5c,font-size:13px'>Differentiation Notes</strong><br><span style='color:#c00'>Below grade level:</span> Provide a sentence-frame card to reference while speaking<br><span style='color:#444'>On grade level:</span> Record yourself speaking for 60 seconds and self-assess using three criteria<br><span style='color:#0a5'>Above grade level:</span> Debate a classmate on an assigned topic using formal speaking conventions and structured turns</div></div>",,0,2,1,,,,,,,,,,,,,,,,,,,,,,,,,,,,
page,Language Arts,Lesson 3 — Group Discussion and Debate,"<div style='font-family:Arial,sans-serif,max-width:860px'><p style='color:#555,font-size:14px,line-height:1.7'>Students practise the art of respectful disagreement — building on others' ideas and expressing reasoned opinions with supporting evidence.</p><h3 style='color:#E4002B,border-left:4px solid #E4002B,padding-left:10px,margin:14px 0 8px'>Learning Objectives</h3><ul style='line-height:1.9,color:#333'><li>Follow agreed-upon rules for discussion (OME: 1.6)</li><li>Build on classmates' ideas using 'I agree/disagree because...' structures</li><li>Express an opinion with at least two supporting reasons</li></ul><h3 style='color:#1a1a1a,margin:14px 0 8px'>Lesson Content</h3><p style='color:#333,line-height:1.75'>A productive discussion is like a game of catch — each participant listens fully before throwing their contribution into the conversation, and everyone aims at the same shared goal of understanding. Effective discussants use phrases like 'Building on what you said...' or 'I see it differently because...' to show they were genuinely listening before they responded.</p><p style='color:#333,line-height:1.75'>Debate is structured disagreement with a specific format. Two positions are assigned — students may argue a view they do not personally hold. The goal is not to 'win' but to practise reasoning with evidence, anticipating counterarguments, and expressing ideas under pressure. These are skills every profession requires.</p><p style='color:#333,line-height:1.75'>Discussion agreements — sometimes called norms or ground rules — make conversation safe and productive. Common norms include: one person speaks at a time, all ideas are treated with respect, we challenge ideas, not people, we use evidence rather than emotion alone. When students co-create these norms, they are far more likely to honour them.</p><div style='background:#fff8f0,border-left:5px solid #E4002B,padding:12px 16px,margin-top:18px,border-radius:0 6px 6px 0'><p style='margin:0 0 4px'><strong style='color:#E4002B'>✦ Tarbiyah Checkpoint</strong> &nbsp,<strong>Adl — Justice in Speech</strong> — <em>عدل</em></p><p style='margin:6px 0,color:#333'>When we speak, we must be fair, honest, and careful. Islam teaches that our words are a form of Amanah — a trust. We are accountable for the impact our words have on others' hearts, whether we intended harm or not. Speaking with Adl means choosing truthful, measured, and fair words even when it is difficult.</p><p style='margin:4px 0,color:#666,font-style:italic,font-size:12px'>Surah An-Nisa 4:135 — 'Be persistently standing firm in justice, as witnesses for Allah'</p><p style='font-size:11px,color:#999,margin:4px 0 0'>See also: Math Unit 1 Lesson 3 — Adl in Division</p></div><div style='background:#f0f7ff,border:1px solid #bdd7f0,border-radius:6px,padding:10px 14px,margin-top:14px'><strong style='color:#1a3a5c,font-size:13px'>Differentiation Notes</strong><br><span style='color:#c00'>Below grade level:</span> Provide a discussion sentence-starter card with six prompts to choose from<br><span style='color:#444'>On grade level:</span> Standard discussion — use a physical talking piece to enforce turn-taking<br><span style='color:#0a5'>Above grade level:</span> Take on the 'devil's advocate' role: argue the opposite of your genuine view for the full discussion</div></div>",,0,2,1,,,,,,,,,,,,,,,
quiz,Language Arts,Unit 1 Quiz — Oral Communication,"<div style='font-family:Arial,sans-serif,background:#f9f9f9,border:1px solid #ddd,border-radius:8px,padding:16px'><p style='color:#888,font-size:12px,margin:0 0 10px'>5 auto-marked questions loaded from Moodle Question Bank. Import <strong>Grade4_Questions.xml</strong> to activate auto-marking.</p><h3 style='color:#E4002B,margin:0 0 10px'>Preview — Unit 1 Quiz — Oral Communication</h3><ol><li style='margin-bottom:10px'><strong>What is the most important habit of an active listener?</strong><ul style='margin-top:4px'><li>Preparing your own response while the other person speaks</li><li>Making eye contact, focusing fully, and not interrupting <span style='color:green,font-weight:bold'>✓</span></li><li>Writing down every word the speaker says</li><li>Nodding continuously throughout the conversation</li></ul></li><li style='margin-bottom:10px'><strong>'Pace' when speaking refers to:</strong><ul style='margin-top:4px'><li>How loudly or softly you speak</li><li>The emotion conveyed through your voice</li><li>How fast or slow you speak <span style='color:green,font-weight:bold'>✓</span></li><li>The specific words you choose</li></ul></li><li style='margin-bottom:10px'><strong>When disagreeing in a group discussion, the best approach is:</strong><ul style='margin-top:4px'><li>Interrupt immediately to correct the error</li><li>Listen fully, then respond with evidence and respect <span style='color:green,font-weight:bold'>✓</span></li><li>Stay silent to avoid conflict</li><li>Write a note instead of speaking aloud</li></ul></li><li style='margin-bottom:10px'><strong>A 'discussion norm' is:</strong><ul style='margin-top:4px'><li>A mark given for speaking skills</li><li>An agreed-upon behaviour that makes discussion safe and productive <span style='color:green,font-weight:bold'>✓</span></li><li>A rule set only by the teacher</li><li>A formal debate format</li></ul></li><li style='margin-bottom:10px'><strong>'Paraphrasing' a speaker means:</strong><ul style='margin-top:4px'><li>Repeating their exact words back to them</li><li>Ignoring their point and making your own</li><li>Restating their idea in your own words to confirm understanding <span style='color:green,font-weight:bold'>✓</span></li><li>Disagreeing politely with their argument</li></ul></li></ol></div>",50,0,2,1,,,,,,,,,,,,,,,,,,,,,,,,,,,,,,,,,,,,,,,,,
assign,Language Arts,Unit 1 Assignment — Oral Presentation,"<div style='font-family:Arial,sans-serif,max-width:860px'><div style='background:#fff3f3,border-left:4px solid #E4002B,padding:12px 16px,margin-bottom:14px'><strong>Assignment Instructions</strong><br>Prepare and deliver a 3-minute oral presentation on a topic of your choice. Required: (1) A hook opening that grabs attention, (2) Two main points each supported by one fact or example, (3) A conclusion restating your main idea. Use cue cards — do not read word for word. Your teacher will assess using the rubric below.</div><h3 style='color:#E4002B,margin:12px 0 6px'>Achievement Chart Rubric — Ontario Growing Success</h3><table border='1' cellpadding='7' style='border-collapse:collapse,width:100%,font-size:13px'><tr style='background:#E4002B,color:#fff'><th>Category</th><th>Level 4 — 80–100%</th><th>Level 3 — 70–79%</th><th>Level 2 — 60–69%</th><th>Level 1 — 50–59%</th></tr><tr style='background:#ffffff'><td><strong>Knowledge & Understanding</strong></td><td>Demonstrates thorough, accurate knowledge, all information correct and clearly researched</td><td>Demonstrates considerable knowledge, most information accurate</td><td>Demonstrates some knowledge, some inaccuracies present</td><td>Demonstrates limited knowledge, significant inaccuracies</td></tr><tr style='background:#f5f5f5'><td><strong>Thinking & Inquiry</strong></td><td>Ideas are original and thoughtfully organized, clear evidence of planning and preparation</td><td>Ideas organized logically, adequate evidence of planning</td><td>Some organization, limited evidence of planning</td><td>Disorganized, little evidence of preparation</td></tr><tr style='background:#ffffff'><td><strong>Communication</strong></td><td>Speaks with confidence, clear voice, appropriate pace and volume throughout, strong eye contact</td><td>Speaks clearly and confidently for most of presentation, good eye contact</td><td>Some clarity, pace or volume inconsistent, limited eye contact</td><td>Difficult to hear or follow, minimal eye contact</td></tr><tr style='background:#f5f5f5'><td><strong>Application</strong></td><td>Effectively uses cue cards, body language, and audience engagement throughout</td><td>Uses cue cards appropriately, adequate body language</td><td>Over-relies on cue cards, limited body language</td><td>Reads directly from notes, no audience engagement</td></tr></table><p style='color:#999,font-size:11px,margin-top:10px'>Content hidden by default. Academic Director review required before student access.</p></div>",100,0,1,0,,,,,,,,,,,,,,,,,,,,,,,,
forum,Language Arts,Unit 1 Discussion — Oral Communication,"<div style='font-family:Arial,sans-serif'><h3 style='color:#E4002B'>Discussion Prompt</h3><blockquote style='border-left:4px solid #E4002B,padding:10px 16px,background:#fff8f8,font-style:italic,font-size:15px,margin:0 0 12px'>Think of a time when someone's words made you feel really good — or really hurt. What made the difference? How can we use our words more carefully every day?</blockquote><div style='background:#f5f5f5,border-radius:6px,padding:12px 16px'><strong>Facilitation Notes for Teacher</strong><br>Encourage personal reflection. Ask students to share their own story, not someone else's. Connect to Tarbiyah: our words are an Amanah (trust) and we are accountable for their impact on others' hearts, whether we intended harm or not. Sensitive topic — model openness carefully.</div></div>",,0,1,0,,,,,,,,,,,,,,,,,,,,,,,,,,,,,,,,,,,,,,,,,,,,,,,,
label,Language Arts,UNIT 2: Reading Comprehension,"<div style='background:#1a1a1a,color:#fff,padding:14px 18px,border-left:5px solid #E4002B'><div style='color:#E4002B,font-size:11px,font-weight:bold,letter-spacing:2px'>✦ LNG4 · UNIT 2</div><div style='font-size:17px,font-weight:bold,margin:4px 0'>Reading Comprehension</div><div style='color:#aaa,font-size:12px'>Grade 4 Language (2023) — Oral Communication, Reading, Writing, Media Literacy</div><div style='color:#E4002B,font-size:11px,margin-top:5px'>📅 October · Weeks 5–8</div></div>",,1,0,0,,,,,,,,,,,,,,,,,,,,,,,,,,,,,,,,,,,,,,,,,,,,
page,Language Arts,Lesson 4 — Reading Strategies,"<div style='font-family:Arial,sans-serif,max-width:860px'><p style='color:#555,font-size:14px,line-height:1.7'>Students build a toolkit of before, during, and after reading strategies that strong readers use automatically.</p><h3 style='color:#E4002B,border-left:4px solid #E4002B,padding-left:10px,margin:14px 0 8px'>Learning Objectives</h3><ul style='line-height:1.9,color:#333'><li>Apply prediction, questioning, and making connections (OME: 2.3)</li><li>Identify main idea and key supporting details</li><li>Monitor comprehension and apply fix-up strategies when meaning breaks down</li></ul><h3 style='color:#1a1a1a,margin:14px 0 8px'>Lesson Content</h3><p style='color:#333,line-height:1.75'>Strong readers are active readers. Before reading, they preview the title, headings, and images to make predictions about content. During reading, they ask questions like 'Why did this happen?' and 'What does this word mean?' and 'Does this make sense?' After reading, they summarize the key ideas and reflect on what they learned or felt.</p><p style='color:#333,line-height:1.75'>Making connections deepens comprehension in three directions. Text-to-self connections link the reading to your own life experiences. Text-to-text connections compare this text to another book, article, or film you know. Text-to-world connections link the reading to current events or broader human experience. All three types strengthen memory and meaning.</p><p style='color:#333,line-height:1.75'>When comprehension breaks down — when you reach the end of a paragraph and realize you have no idea what you just read — fix-up strategies help. Re-read the confusing section more slowly. Look for context clues in the surrounding sentences. Look up unfamiliar vocabulary. Break a long sentence into its parts. Struggling through confusion is normal and productive — it is not a signal to give up.</p><div style='background:#f0f7ff,border:1px solid #bdd7f0,border-radius:6px,padding:10px 14px,margin-top:14px'><strong style='color:#1a3a5c,font-size:13px'>Differentiation Notes</strong><br><span style='color:#c00'>Below grade level:</span> Use a before/during/after reading graphic organizer with sentence starters<br><span style='color:#444'>On grade level:</span> Standard lesson with guided practice text and partner strategy-sharing<br><span style='color:#0a5'>Above grade level:</span> Keep a metacognitive reading log tracking every strategy used across a full book</div></div>",,0,2,1,,,,,,,,,,,,,,,,,,,,,,,,,,,,,,
page,Language Arts,Lesson 5 — Text Forms and Features,"<div style='font-family:Arial,sans-serif,max-width:860px'><p style='color:#555,font-size:14px,line-height:1.7'>Students discover that different texts are built differently — and that recognizing structure helps them read more efficiently and purposefully.</p><h3 style='color:#E4002B,border-left:4px solid #E4002B,padding-left:10px,margin:14px 0 8px'>Learning Objectives</h3><ul style='line-height:1.9,color:#333'><li>Identify and describe common text forms: fiction, non-fiction, poetry, procedural (OME: 2.1)</li><li>Recognize text features: headings, captions, sidebars, glossary, index</li><li>Compare the organizational structure of fiction and non-fiction texts</li></ul><h3 style='color:#1a1a1a,margin:14px 0 8px'>Lesson Content</h3><p style='color:#333,line-height:1.75'>Fiction texts tell stories about imaginary or imagined events and characters. They follow a narrative structure: setting, characters, conflict, rising action, climax, resolution. Non-fiction texts communicate factual information about real subjects. They use organizational patterns like compare and contrast, cause and effect, problem and solution, or chronological sequence.</p><p style='color:#333,line-height:1.75'>Non-fiction texts use specialized features to help readers navigate efficiently. A table of contents lists what is inside and where. Headings divide the text into clearly labelled sections. Captions explain photographs and diagrams. A glossary defines technical vocabulary. An index helps you locate specific information without reading the whole text. Recognizing these features is a reading skill in itself.</p><p style='color:#333,line-height:1.75'>Reading poetry requires a different stance than reading prose. Poets compress meaning into fewer words, use line breaks and white space deliberately, and often communicate through images and sound rather than direct statement. Reading a poem once is almost never enough — each re-reading reveals new layers of meaning that were invisible the first time through.</p><div style='background:#f0f7ff,border:1px solid #bdd7f0,border-radius:6px,padding:10px 14px,margin-top:14px'><strong style='color:#1a3a5c,font-size:13px'>Differentiation Notes</strong><br><span style='color:#c00'>Below grade level:</span> Sort a set of printed text samples by type using visual sorting cards with a partner<br><span style='color:#444'>On grade level:</span> Standard lesson — complete a text features scavenger hunt in a non-fiction book<br><span style='color:#0a5'>Above grade level:</span> Create a multi-text comparison chart across three different text forms on the same topic</div></div>",,0,2,1,,,,,,,,,,,,,,,,,,,,,,,,
page,Language Arts,Lesson 6 — Reading Critically,"<div style='font-family:Arial,sans-serif,max-width:860px'><p style='color:#555,font-size:14px,line-height:1.7'>Students move beyond understanding what a text says to questioning why it was written and whose perspective it represents.</p><h3 style='color:#E4002B,border-left:4px solid #E4002B,padding-left:10px,margin:14px 0 8px'>Learning Objectives</h3><ul style='line-height:1.9,color:#333'><li>Identify the author's purpose: inform, persuade, entertain (OME: 2.7)</li><li>Distinguish verifiable facts from debatable opinions</li><li>Make inferences using text evidence combined with prior knowledge</li></ul><h3 style='color:#1a1a1a,margin:14px 0 8px'>Lesson Content</h3><p style='color:#333,line-height:1.75'>Every text has an author who made deliberate choices — what information to include, what to leave out, whose perspective to centre, and which words to use. Critical readers ask questions beyond comprehension: Who wrote this and why? Who benefits from this perspective? What is left unsaid? Could a different author tell this same story very differently?</p><p style='color:#333,line-height:1.75'>Facts are statements that can be verified — checked against evidence. 'Canada has ten provinces' is a fact that can be confirmed. Opinions are statements that express a personal view or judgment. 'Hockey is the best sport' cannot be proven true or false for everyone. The skill of distinguishing facts from opinions is essential for evaluating news, advertising, political speech, and social media.</p><p style='color:#333,line-height:1.75'>Inference is reading between the lines. A strong inference combines two ingredients: a specific clue from the text plus background knowledge the reader brings to the text. Weak inferences rely entirely on one or the other. The habit of writing 'The text says... + I know that... = So I infer...' makes the thinking visible and testable.</p><div style='background:#fff8f0,border-left:5px solid #E4002B,padding:12px 16px,margin-top:18px,border-radius:0 6px 6px 0'><p style='margin:0 0 4px'><strong style='color:#E4002B'>✦ Tarbiyah Checkpoint</strong> &nbsp,<strong>Amanah — Trustworthiness with Information</strong> — <em>أمانة</em></p><p style='margin:6px 0,color:#333'>Not everything we read or share online is true or fair. The Quran explicitly commands believers to verify information before acting on it or passing it along. Sharing unverified news — even without the intention to deceive — is a breach of Amanah. Our responsibility to truth does not stop at our own words, it extends to every piece of information we amplify.</p><p style='margin:4px 0,color:#666,font-style:italic,font-size:12px'>Surah Al-Hujurat 49:6 — 'O believers, if an evildoer brings you any news, verify it so you do not harm people out of ignorance'</p><p style='font-size:11px,color:#999,margin:4px 0 0'>See also: Science Unit 1 Lesson 3 — Amanah as Earth Stewards</p></div><div style='background:#f0f7ff,border:1px solid #bdd7f0,border-radius:6px,padding:10px 14px,margin-top:14px'><strong style='color:#1a3a5c,font-size:13px'>Differentiation Notes</strong><br><span style='color:#c00'>Below grade level:</span> Use a two-column organizer: 'The text says / I know / So I infer' with sentence starters<br><span style='color:#444'>On grade level:</span> Standard lesson — short paired-text comparison with a fact/opinion sorting activity<br><span style='color:#0a5'>Above grade level:</span> Write a counter-argument to an opinion piece, citing evidence from a second independent source</div></div>",,0,2,1,,,,,,,,,,,,,,,,,,
quiz,Language Arts,Unit 2 Quiz — Reading Comprehension,"<div style='font-family:Arial,sans-serif,background:#f9f9f9,border:1px solid #ddd,border-radius:8px,padding:16px'><p style='color:#888,font-size:12px,margin:0 0 10px'>5 auto-marked questions loaded from Moodle Question Bank. Import <strong>Grade4_Questions.xml</strong> to activate auto-marking.</p><h3 style='color:#E4002B,margin:0 0 10px'>Preview — Unit 2 Quiz — Reading Comprehension</h3><ol><li style='margin-bottom:10px'><strong>A 'text-to-self' connection means:</strong><ul style='margin-top:4px'><li>Comparing two books written on the same topic</li><li>Connecting something in the text to an experience from your own life <span style='color:green,font-weight:bold'>✓</span></li><li>Finding the author's main argument</li><li>Identifying the text form and its features</li></ul></li><li style='margin-bottom:10px'><strong>Which of the following is a text FEATURE (not a text form)?</strong><ul style='margin-top:4px'><li>Fiction</li><li>Non-fiction</li><li>Poetry</li><li>A glossary at the back of the book <span style='color:green,font-weight:bold'>✓</span></li></ul></li><li style='margin-bottom:10px'><strong>The MAIN IDEA of a non-fiction text is:</strong><ul style='margin-top:4px'><li>The first sentence of the text</li><li>The longest paragraph in the text</li><li>The central message the author most wants to communicate <span style='color:green,font-weight:bold'>✓</span></li><li>The title alone</li></ul></li><li style='margin-bottom:10px'><strong>A FACT differs from an OPINION because:</strong><ul style='margin-top:4px'><li>Facts are always found in textbooks</li><li>Opinions are more interesting to read</li><li>Facts can be verified with evidence, opinions express a personal view <span style='color:green,font-weight:bold'>✓</span></li><li>Opinions are always wrong</li></ul></li><li style='margin-bottom:10px'><strong>Making an INFERENCE means:</strong><ul style='margin-top:4px'><li>Copying the main idea directly from the text</li><li>Guessing randomly without using the text at all</li><li>Using specific text clues plus prior knowledge to figure out something the author did not directly state <span style='color:green,font-weight:bold'>✓</span></li><li>Summarizing only the ending of the text</li></ul></li></ol></div>",50,0,2,1,,,,,,,,,,,,,,,,,,,,,,,,,,,,,,,,,,,,,,,,,,,,
assign,Language Arts,Unit 2 Assignment — Non-Fiction Book Response,"<div style='font-family:Arial,sans-serif,max-width:860px'><div style='background:#fff3f3,border-left:4px solid #E4002B,padding:12px 16px,margin-bottom:14px'><strong>Assignment Instructions</strong><br>Read a non-fiction book of your choice on any topic. Write a one-page response (minimum three paragraphs) that includes: (1) The main idea in your own words, (2) Three specific supporting details from the text, (3) One inference you made with the text evidence that supports it, (4) Your opinion of the book with two clear reasons. Label each statement as fact or opinion.</div><h3 style='color:#E4002B,margin:12px 0 6px'>Achievement Chart Rubric — Ontario Growing Success</h3><table border='1' cellpadding='7' style='border-collapse:collapse,width:100%,font-size:13px'><tr style='background:#E4002B,color:#fff'><th>Category</th><th>Level 4 — 80–100%</th><th>Level 3 — 70–79%</th><th>Level 2 — 60–69%</th><th>Level 1 — 50–59%</th></tr><tr style='background:#ffffff'><td><strong>Knowledge & Understanding</strong></td><td>Main idea and all three details accurately identified, demonstrates thorough comprehension of the text</td><td>Main idea accurate, two or three details correct, solid comprehension shown</td><td>Main idea partially correct, one or two details, some comprehension evident</td><td>Main idea missing or incorrect, limited comprehension demonstrated</td></tr><tr style='background:#f5f5f5'><td><strong>Thinking & Inquiry</strong></td><td>Inference is insightful with specific text evidence cited, original thinking clearly evident</td><td>Inference is logical with adequate text evidence, some original thinking</td><td>Inference attempted but weakly supported by evidence</td><td>Inference missing or completely disconnected from the text</td></tr><tr style='background:#ffffff'><td><strong>Communication</strong></td><td>Response clearly organized in paragraphs, fluent writing with varied sentence structure throughout</td><td>Response organized, writing mostly fluent, adequate sentence variety</td><td>Some organization, sentences repetitive or incomplete at times</td><td>Limited organization, writing difficult to follow</td></tr><tr style='background:#f5f5f5'><td><strong>Application</strong></td><td>Fact/opinion distinction applied accurately throughout, opinion supported by two strong specific reasons</td><td>Fact/opinion mostly correct, opinion supported with reasons</td><td>Some fact/opinion errors, opinion has limited support</td><td>Fact/opinion not distinguished, opinion lacks support</td></tr></table><p style='color:#999,font-size:11px,margin-top:10px'>Content hidden by default. Academic Director review required before student access.</p></div>",100,0,1,0,,,,,,,,,,,,,,,,,,,,,,,,,,,
forum,Language Arts,Unit 2 Discussion — Reading Comprehension,"<div style='font-family:Arial,sans-serif'><h3 style='color:#E4002B'>Discussion Prompt</h3><blockquote style='border-left:4px solid #E4002B,padding:10px 16px,background:#fff8f8,font-style:italic,font-size:15px,margin:0 0 12px'>Has a book ever changed the way you think about something — even slightly? Describe the book and explain what shifted in your thinking. If no book, what other text — article, video, or speech — changed your mind about something?</blockquote><div style='background:#f5f5f5,border-radius:6px,padding:12px 16px'><strong>Facilitation Notes for Teacher</strong><br>Accept all text types equally — picture books, chapter books, articles, speeches, even song lyrics. Islamic connection: the Prophet ﷺ said 'A word of wisdom is the lost property of the believer — wherever they find it, they have the most right to it.' Knowledge transforms us when we encounter it with an open mind.</div></div>",,0,1,0,,,,,,,,,,,,,,,,,,,,,,,,,,,,,,,,,,,,,,,,,,
label,Language Arts,UNIT 3: Writing,"<div style='background:#1a1a1a,color:#fff,padding:14px 18px,border-left:5px solid #E4002B'><div style='color:#E4002B,font-size:11px,font-weight:bold,letter-spacing:2px'>✦ LNG4 · UNIT 3</div><div style='font-size:17px,font-weight:bold,margin:4px 0'>Writing</div><div style='color:#aaa,font-size:12px'>Grade 4 Language (2023) — Oral Communication, Reading, Writing, Media Literacy</div><div style='color:#E4002B,font-size:11px,margin-top:5px'>📅 November–December · Weeks 9–12</div></div>",,1,0,0,,,,,,,,,,,,,,,,,,,,,,,,,,,,,,,,,,,,,,,,,,,,
page,Language Arts,Lesson 7 — The Writing Process,"<div style='font-family:Arial,sans-serif,max-width:860px'><p style='color:#555,font-size:14px,line-height:1.7'>Students discover that strong writing is never written once — it is a recursive, multi-stage process of planning, drafting, revising, editing, and publishing.</p><h3 style='color:#E4002B,border-left:4px solid #E4002B,padding-left:10px,margin:14px 0 8px'>Learning Objectives</h3><ul style='line-height:1.9,color:#333'><li>Apply the five stages of the writing process (OME: 3.1)</li><li>Use a graphic organizer to plan before drafting</li><li>Distinguish revising (improving ideas) from editing (fixing conventions)</li></ul><h3 style='color:#1a1a1a,margin:14px 0 8px'>Lesson Content</h3><p style='color:#333,line-height:1.75'>Professional writers — journalists, novelists, scientists, and lawyers — all follow a writing process even when it is not labelled as such. The five stages are: (1) Prewriting: brainstorm, gather ideas, and organize using a graphic organizer. (2) Drafting: get all ideas down without stopping to perfect anything. (3) Revising: improve the ideas, organization, voice, and word choice. (4) Editing: correct spelling, grammar, and punctuation. (5) Publishing: produce a clean final copy to share with an audience.</p><p style='color:#333,line-height:1.75'>Prewriting tools match the writing task. Mind maps (ideas radiating from a central topic) work well for any form. Story maps (setting, characters, problem, events, resolution) support narrative writing. T-charts or Venn diagrams support comparison writing. Numbered outlines support research and opinion writing. Choosing the right organizer before drafting saves significant time and produces stronger first drafts.</p><p style='color:#333,line-height:1.75'>The most common student mistake is treating editing as the same as revising. Revising is large-scale improvement: Does my argument make sense? Is this paragraph in the right place? Do I need more evidence here? Should I cut this section? Editing is surface-level correction: Is this word spelled correctly? Does this sentence need a comma? Editing before revising wastes effort — you may polish sentences that will ultimately be cut.</p><div style='background:#f0f7ff,border:1px solid #bdd7f0,border-radius:6px,padding:10px 14px,margin-top:14px'><strong style='color:#1a3a5c,font-size:13px'>Differentiation Notes</strong><br><span style='color:#c00'>Below grade level:</span> Use a pre-filled graphic organizer with key vocabulary, allow dictation for the drafting stage<br><span style='color:#444'>On grade level:</span> Standard process writing — complete all five stages on a one-paragraph piece<br><span style='color:#0a5'>Above grade level:</span> Write a detailed process reflection explaining every revision decision made and why</div></div>",,0,2,1,,,,,,,,,,,,,,,,,,,,,
page,Language Arts,Lesson 8 — Paragraph Writing,"<div style='font-family:Arial,sans-serif,max-width:860px'><p style='color:#555,font-size:14px,line-height:1.7'>Students learn to write well-structured paragraphs — the fundamental building block of all formal writing across every subject.</p><h3 style='color:#E4002B,border-left:4px solid #E4002B,padding-left:10px,margin:14px 0 8px'>Learning Objectives</h3><ul style='line-height:1.9,color:#333'><li>Write paragraphs with a topic sentence, three supporting details, and a concluding sentence (OME: 3.3)</li><li>Use at least three transition words within the paragraph</li><li>Self-evaluate a paragraph against a clear, specific checklist</li></ul><h3 style='color:#1a1a1a,margin:14px 0 8px'>Lesson Content</h3><p style='color:#333,line-height:1.75'>A strong paragraph has four components working together. The topic sentence announces the main idea clearly — it tells the reader exactly what this paragraph will be about, and nothing else. Three supporting sentences provide evidence, examples, facts, or explanations that prove or develop the topic sentence. Transition words (first, also, in addition, however, finally) connect ideas smoothly. The concluding sentence wraps up the paragraph's argument and often links back to the topic sentence.</p><p style='color:#333,line-height:1.75'>Transition words are the glue of effective writing. Sequence transitions (first, then, next, finally) organize steps and events. Addition transitions (also, furthermore, in addition, moreover) build arguments point by point. Contrast transitions (however, on the other hand, although, yet) signal a shift in direction or a complication. Cause-and-effect transitions (therefore, as a result, consequently) show how one idea leads to another.</p><p style='color:#333,line-height:1.75'>A paragraph self-evaluation checklist: Does the topic sentence state one clear, specific idea? Are there at least three supporting details? Does each supporting sentence directly relate to the topic sentence — no straying? Are transitions present between ideas? Does the concluding sentence complete the thought without simply repeating the topic sentence word for word? Apply this checklist every time before moving to the next paragraph.</p><div style='background:#f0f7ff,border:1px solid #bdd7f0,border-radius:6px,padding:10px 14px,margin-top:14px'><strong style='color:#1a3a5c,font-size:13px'>Differentiation Notes</strong><br><span style='color:#c00'>Below grade level:</span> Provide a paragraph frame: 'My topic is _. First, _. Also, _. Finally, _. In conclusion, _.'<br><span style='color:#444'>On grade level:</span> Standard paragraph writing — write three connected paragraphs on a self-chosen topic<br><span style='color:#0a5'>Above grade level:</span> Write a multi-paragraph essay with a clear thesis, three body paragraphs each with topic and concluding sentences, and a conclusion paragraph</div></div>",,0,2,1,,,,,,,,,,,,
page,Language Arts,Lesson 9 — Narrative and Persuasive Writing,"<div style='font-family:Arial,sans-serif,max-width:860px'><p style='color:#555,font-size:14px,line-height:1.7'>Students explore two powerful forms of writing — personal narratives that capture experience, and persuasive writing that changes minds.</p><h3 style='color:#E4002B,border-left:4px solid #E4002B,padding-left:10px,margin:14px 0 8px'>Learning Objectives</h3><ul style='line-height:1.9,color:#333'><li>Write a personal narrative with a clear problem and meaningful resolution (OME: 3.2)</li><li>Write a persuasive paragraph with a claim and two supporting reasons</li><li>Use descriptive language and precise word choice to strengthen both forms</li></ul><h3 style='color:#1a1a1a,margin:14px 0 8px'>Lesson Content</h3><p style='color:#333,line-height:1.75'>Personal narratives draw readers into your lived experience using specific sensory details, authentic dialogue, and your distinctive voice. Strong narratives share four elements: a hook opening that creates immediate engagement, rising action that builds tension through a central problem, a climax — the most important moment of decision or change, and a resolution that shows what happened and what was learned. Vague narratives summarize events. Powerful narratives show them.</p><p style='color:#333,line-height:1.75'>Persuasive writing begins with a clear, specific, debatable claim: 'Our school should have a longer lunch break because...' or 'Students benefit from learning a second language from an early age because...' Then it builds the argument using evidence (statistics, expert opinion, specific examples), acknowledges counterarguments to show fairness, and concludes by restating the position powerfully and calling for action.</p><p style='color:#333,line-height:1.75'>Word choice is the single biggest difference between flat writing and vivid writing. 'She walked slowly' communicates a fact. 'She shuffled forward, shoulders caved, each step weighted with reluctance' creates an image. Replace empty adjectives (good, bad, nice, big) with precise ones (generous, devastating, thoughtful, towering). Replace weak verbs (go, do, say) with specific ones (trudge, accomplish, insist). Every revision should ask: is there a more precise word for this?</p><div style='background:#fff8f0,border-left:5px solid #E4002B,padding:12px 16px,margin-top:18px,border-radius:0 6px 6px 0'><p style='margin:0 0 4px'><strong style='color:#E4002B'>✦ Tarbiyah Checkpoint</strong> &nbsp,<strong>Ihsan — Excellence in Our Work</strong> — <em>إحسان</em></p><p style='margin:6px 0,color:#333'>Allah loves excellence in everything we do — including our writing. When we put sincere, thorough effort into a piece of writing — planning carefully, revising honestly, choosing words with precision — this is Ihsan. Our writing is a reflection of our character and our respect for the people who will read it. Half-effort produces half-work. Full effort is a form of gratitude for the gift of language.</p><p style='margin:4px 0,color:#666,font-style:italic,font-size:12px'>Hadith: 'Allah loves that when any of you does a task, they do it with excellence.' (Al-Bayhaqi)</p><p style='font-size:11px,color:#999,margin:4px 0 0'>See also: Arts Unit 1 Lesson 3 — Ihsan as Beauty in Creative Work</p></div><div style='background:#f0f7ff,border:1px solid #bdd7f0,border-radius:6px,padding:10px 14px,margin-top:14px'><strong style='color:#1a3a5c,font-size:13px'>Differentiation Notes</strong><br><span style='color:#c00'>Below grade level:</span> Provide a narrative story map: Hook / Setting / Problem / Events / Resolution / What I Learned<br><span style='color:#444'>On grade level:</span> Standard dual-form lesson — write one personal narrative paragraph and one persuasive paragraph<br><span style='color:#0a5'>Above grade level:</span> Write a persuasive letter to a real, named audience — the principal, a city councillor — and discuss actually sending it</div></div>",,0,2,1
quiz,Language Arts,Unit 3 Quiz — Writing,"<div style='font-family:Arial,sans-serif,background:#f9f9f9,border:1px solid #ddd,border-radius:8px,padding:16px'><p style='color:#888,font-size:12px,margin:0 0 10px'>5 auto-marked questions loaded from Moodle Question Bank. Import <strong>Grade4_Questions.xml</strong> to activate auto-marking.</p><h3 style='color:#E4002B,margin:0 0 10px'>Preview — Unit 3 Quiz — Writing</h3><ol><li style='margin-bottom:10px'><strong>The FIRST step in the writing process is:</strong><ul style='margin-top:4px'><li>Editing for spelling and punctuation</li><li>Publishing the final clean copy</li><li>Prewriting — brainstorming and organizing ideas before drafting <span style='color:green,font-weight:bold'>✓</span></li><li>Drafting quickly without stopping to perfect anything</li></ul></li><li style='margin-bottom:10px'><strong>REVISING your writing means:</strong><ul style='margin-top:4px'><li>Checking and correcting spelling and punctuation</li><li>Typing up the final polished copy</li><li>Improving your ideas, organization, voice, and word choice <span style='color:green,font-weight:bold'>✓</span></li><li>Reading your work aloud once</li></ul></li><li style='margin-bottom:10px'><strong>A TOPIC SENTENCE in a paragraph should:</strong><ul style='margin-top:4px'><li>Come at the very end of the paragraph as a surprise</li><li>Be the longest, most detailed sentence in the paragraph</li><li>State the single main idea of the whole paragraph clearly <span style='color:green,font-weight:bold'>✓</span></li><li>Always begin with the word 'I'</li></ul></li><li style='margin-bottom:10px'><strong>Which sentence uses MORE PRECISE word choice?</strong><ul style='margin-top:4px'><li>The dog was very big and ran really fast</li><li>The Great Dane thundered across the yard in three strides <span style='color:green,font-weight:bold'>✓</span></li><li>My dog is good and I like him a lot</li><li>I saw a large dog moving quickly</li></ul></li><li style='margin-bottom:10px'><strong>In PERSUASIVE writing, a 'counter-argument' is:</strong><ul style='margin-top:4px'><li>Your central claim or position</li><li>Additional evidence that supports your own view</li><li>An argument from the opposing side that you acknowledge and then address <span style='color:green,font-weight:bold'>✓</span></li><li>The conclusion that restates your position</li></ul></li></ol></div>",50,0,2,1,,,,,,,,,,,,,,,,,,,,,,,,,,,,,,,,,,,,,,,,
